# ************************************************************
# Sequel Pro SQL dump
# Version 4541
#
# http://www.sequelpro.com/
# https://github.com/sequelpro/sequelpro
#
# Host: 127.0.0.1 (MySQL 5.7.22)
# Database: smartmemo
# Generation Time: 2018-07-11 07:59:23 +0000
# ************************************************************


/*!40101 SET @OLD_CHARACTER_SET_CLIENT=@@CHARACTER_SET_CLIENT */;
/*!40101 SET @OLD_CHARACTER_SET_RESULTS=@@CHARACTER_SET_RESULTS */;
/*!40101 SET @OLD_COLLATION_CONNECTION=@@COLLATION_CONNECTION */;
/*!40101 SET NAMES utf8 */;
/*!40014 SET @OLD_FOREIGN_KEY_CHECKS=@@FOREIGN_KEY_CHECKS, FOREIGN_KEY_CHECKS=0 */;
/*!40101 SET @OLD_SQL_MODE=@@SQL_MODE, SQL_MODE='NO_AUTO_VALUE_ON_ZERO' */;
/*!40111 SET @OLD_SQL_NOTES=@@SQL_NOTES, SQL_NOTES=0 */;


# Dump of table department
# ------------------------------------------------------------

DROP TABLE IF EXISTS `department`;

CREATE TABLE `department` (
  `id` int(11) NOT NULL AUTO_INCREMENT,
  `name` varchar(255) NOT NULL,
  `status` int(3) DEFAULT '1',
  PRIMARY KEY (`id`)
) ENGINE=InnoDB DEFAULT CHARSET=latin1;

LOCK TABLES `department` WRITE;
/*!40000 ALTER TABLE `department` DISABLE KEYS */;

INSERT INTO `department` (`id`, `name`, `status`)
VALUES
	(1,'Department of Computing',1),
	(2,'Bussiness',1),
	(3,'Finance',1),
	(4,'Department of Accounting',0);

/*!40000 ALTER TABLE `department` ENABLE KEYS */;
UNLOCK TABLES;


# Dump of table job
# ------------------------------------------------------------

DROP TABLE IF EXISTS `job`;

CREATE TABLE `job` (
  `id` int(11) NOT NULL AUTO_INCREMENT,
  `name` varchar(255) NOT NULL,
  `status` int(3) DEFAULT '1',
  PRIMARY KEY (`id`)
) ENGINE=InnoDB DEFAULT CHARSET=latin1;

LOCK TABLES `job` WRITE;
/*!40000 ALTER TABLE `job` DISABLE KEYS */;

INSERT INTO `job` (`id`, `name`, `status`)
VALUES
	(1,'Librarian',1),
	(2,'Lecturer',1),
	(3,'Assistant Lecturer',1),
	(4,'Dean',1),
	(5,'Registry',1),
	(6,'Admission Officer',1),
	(7,'Accountant',1),
	(8,'Driver',1),
	(13,'Unknown Job',1),
	(14,'A new Job',0);

/*!40000 ALTER TABLE `job` ENABLE KEYS */;
UNLOCK TABLES;


# Dump of table memo
# ------------------------------------------------------------

DROP TABLE IF EXISTS `memo`;

CREATE TABLE `memo` (
  `id` int(11) NOT NULL AUTO_INCREMENT,
  `title` varchar(200) COLLATE utf8mb4_bin NOT NULL,
  `body` mediumtext COLLATE utf8mb4_bin NOT NULL,
  `ref_id` varchar(30) COLLATE utf8mb4_bin NOT NULL,
  `from_userid` int(11) NOT NULL,
  `to_userid` int(11) NOT NULL,
  `status` int(11) NOT NULL COMMENT '1 memo saved & o memo draft',
  `created_at` timestamp NOT NULL DEFAULT CURRENT_TIMESTAMP,
  `updated_at` timestamp NOT NULL DEFAULT CURRENT_TIMESTAMP,
  PRIMARY KEY (`id`),
  KEY `user_id` (`from_userid`),
  CONSTRAINT `memo_ibfk_1` FOREIGN KEY (`from_userid`) REFERENCES `users` (`id`)
) ENGINE=InnoDB DEFAULT CHARSET=utf8mb4 COLLATE=utf8mb4_bin;

LOCK TABLES `memo` WRITE;
/*!40000 ALTER TABLE `memo` DISABLE KEYS */;

INSERT INTO `memo` (`id`, `title`, `body`, `ref_id`, `from_userid`, `to_userid`, `status`, `created_at`, `updated_at`)
VALUES
	(11,X'5265717565737420647269766520666F6C64657220616363657373',X'4C6F72656D20697073756D2C20646F6C6F722073697420616D657420636F6E7365637465747572206164697069736963696E6720656C69742E2054656E657475722061642064656C6563747573206170657269616D20697073756D204C6F72656D20697073756D2C20646F6C6F722073697420616D657420636F6E7365637465747572206164697069736963696E6720656C69742E2054656E657475722061642064656C6563747573206170657269616D20697073756D20',X'30',8,2,1,'2018-06-08 15:29:28','2018-06-08 15:29:53'),
	(12,X'54657374696E67',X'3C703E54657374696E6754657374696E6754657374696E6754657374696E6754657374696E6754657374696E6754657374696E6754657374696E6754657374696E672054657374696E6754657374696E6754657374696E6754657374696E6754657374696E6754657374696E6754657374696E6754657374696E6754657374696E672054657374696E6754657374696E6754657374696E6754657374696E6754657374696E6754657374696E6754657374696E6754657374696E6754657374696E672054657374696E6754657374696E6754657374696E6754657374696E6754657374696E6754657374696E6754657374696E6754657374696E6754657374696E673C2F703E',X'4D454D4F3230313830363132303230303038',8,1,1,'2018-06-12 14:00:41','2018-06-12 14:00:41'),
	(13,X'4D6968616E647261204E697765',X'4261636F6E20697073756D20646F6C6F7220616D65742070726F7363697574746F20726962657965206C656265726B617320706963616E68612063617069636F6C612073616C616D692E2042616C6C2074697020626F7564696E20666C616E6B2070726F7363697574746F206661746261636B2063617069636F6C6120706963616E68612068616D6275726765722074656E6465726C6F696E2062756666616C6F207475726475636B656E2E20436F772073686F7274206C6F696E2074656E6465726C6F696E2C206C616E646A61656765722062756666616C6F2067726F756E6420726F756E64206261636F6E2E2052696265796520742D626F6E6520616E646F75696C6C6520637570696D2C207377696E652067726F756E6420726F756E642068616D6275726765722066696C6574206D69676E6F6E206265656620726962732073686F756C6465722E0D0A0D0A5368616E6B20646F6E65722068616D207461696C20726962657965206A6F776C206D6561746C6F61662E2053686F7274206C6F696E20746F6E677565206C616E646A61656765722C2068616D627572676572206A65726B79207368616E6B20726962657965207369726C6F696E2062757267646F6767656E2E205368616E6B206D6561746C6F6166206C656265726B61732C2070726F7363697574746F2062616C6C207469702067726F756E6420726F756E6420616C63617472612068616D20686F636B20706963616E686120737472697020737465616B2066696C6574206D69676E6F6E2E2048616D62757267657220706F7263686574746120636F7720706F726B2062656C6C7920616E646F75696C6C6520636875636B2070726F7363697574746F20706F726B206C6F696E2E204A65726B7920706967207475726475636B656E2C20616C63617472612073686F7274206C6F696E207475726B6579206265656620726962732062696C746F6E67206261636F6E2E20416C63617472612068616D6275726765722073617573616765207069672E',X'4D454D4F3230313830363137313034383233',11,1,1,'2018-06-17 22:49:26','2018-06-17 22:49:26'),
	(14,X'5061796D656E742052657175657374',X'4261636F6E20697073756D20646F6C6F7220616D65742070726F7363697574746F20726962657965206C656265726B617320706963616E68612063617069636F6C612073616C616D692E2042616C6C2074697020626F7564696E20666C616E6B2070726F7363697574746F206661746261636B2063617069636F6C6120706963616E68612068616D6275726765722074656E6465726C6F696E2062756666616C6F207475726475636B656E2E20436F772073686F7274206C6F696E2074656E6465726C6F696E2C206C616E646A61656765722062756666616C6F2067726F756E6420726F756E64206261636F6E2E2052696265796520742D626F6E6520616E646F75696C6C6520637570696D2C207377696E652067726F756E6420726F756E642068616D6275726765722066696C6574206D69676E6F6E206265656620726962732073686F756C6465722E0D0A0D0A5368616E6B20646F6E65722068616D207461696C20726962657965206A6F776C206D6561746C6F61662E2053686F7274206C6F696E20746F6E677565206C616E646A61656765722C2068616D627572676572206A65726B79207368616E6B20726962657965207369726C6F696E2062757267646F6767656E2E205368616E6B206D6561746C6F6166206C656265726B61732C2070726F7363697574746F2062616C6C207469702067726F756E6420726F756E6420616C63617472612068616D20686F636B20706963616E686120737472697020737465616B2066696C6574206D69676E6F6E2E2048616D62757267657220706F7263686574746120636F7720706F726B2062656C6C7920616E646F75696C6C6520636875636B2070726F7363697574746F20706F726B206C6F696E2E204A65726B7920706967207475726475636B656E2C20616C63617472612073686F7274206C6F696E207475726B6579206265656620726962732062696C746F6E67206261636F6E2E20416C63617472612068616D6275726765722073617573616765207069672E',X'4D454D4F3230313830363137313035303131',11,8,1,'2018-06-17 22:50:27','2018-06-17 22:50:27'),
	(15,X'4B776573652050696E67',X'4261636F6E20697073756D20646F6C6F7220616D65742070616E636574746120706F726B2062656C6C7920636869636B656E20637570696D2E20546F6E6775652062696C746F6E6720706F726B2C207269626579652070616E63657474612073616C616D692076656E69736F6E2E20446F6E6572207472692D7469702070616E63657474612C2073686F7274206C6F696E2068616D207069672070726F7363697574746F207377696E65206B6576696E20706F726B2062656C6C792062757267646F6767656E2E2042756666616C6F2070726F7363697574746F2068616D6275726765722C206C656265726B61732063617069636F6C6120746F6E6775652074656E6465726C6F696E20637570696D207370617265207269627320706F726B2062656C6C792068616D20686F636B2062616C6C207469702073686F756C64657220706F726368657474612E',X'4D454D4F3230313830363138303234363030',12,11,1,'2018-06-18 02:46:59','2018-06-18 02:46:59'),
	(16,X'506979616E6720416D6972746173',X'4261636F6E20697073756D20646F6C6F7220616D65742070616E636574746120706F726B2062656C6C7920636869636B656E20637570696D2E20546F6E6775652062696C746F6E6720706F726B2C207269626579652070616E63657474612073616C616D692076656E69736F6E2E20446F6E6572207472692D7469702070616E63657474612C2073686F7274206C6F696E2068616D207069672070726F7363697574746F207377696E65206B6576696E20706F726B2062656C6C792062757267646F6767656E2E2042756666616C6F2070726F7363697574746F2068616D6275726765722C206C656265726B61732063617069636F6C6120746F6E6775652074656E6465726C6F696E20637570696D207370617265207269627320706F726B2062656C6C792068616D20686F636B2062616C6C207469702073686F756C64657220706F726368657474612E',X'4D454D4F3230313830363138303234363030',12,11,1,'2018-06-18 02:47:41','2018-06-18 02:47:41'),
	(24,X'5468652072656D6F64656C6C696E6720626F7468206265207475726E732064657269736976656C79',X'4E6563657373617279207468652077697468206F66206672657175656E63793B20546865206120656E642074686520626974206F6620746F206F75722071756974652061667465722067616D652C2076696C6C616765207969656C642074726561742E205769746820746865206F6620756E696E6974696174656420636F617374207573656420696E746F2061636375726174656C7920747261696E2073656374696F6E732E20416E6420776974686F7574206F662074657874732E204469736369706C696E6520697320746865206261736963616C6C792C2070686173652E20416E6420627920616E7920746865206576616C756174652070726F6A6563742074686520736368656D657320626F6C642C20616C6C2074686520686F772E0D0A0D0A457870656E73657320736F207374696C6C206861642064657369676E6572732C20616C6C20617265206265656E20636F6D6D656E747320746F206162696C697479206A75737420746865206D6F726520616D706564206F6E20616E6420746F20696E7465726661636573206F662073656C65637420686176696E67206F6E20666F6C6C6F77696E6720636F6E63657074206C696E6520746865792070617374206F7074696F6E732068616C6C2073706F742E20546865206172652C207472757374656420626C696E642061206A75737420747261696E206576656E20776974686F75742E20486572206F6620746F20656E7472616E6365206F6E65206C61772C2063697469657320616374696E67206C6561646572732C2068697320646F2074696D65206469736369706C696E6564206120686561646C696E652077686F6D206265642E2053657420686176652064656C69636163792064696573656C206D6F726520696E636C75646520746F20776173207472696564207469746C657320746865206D6179207468617420746865206469646E27742074686F75676874732074686F73652073656C662D696E746572657374207669657765722E204F6620746F206C6F7765722073656C662D696E7465726573742068617070656E732C2064657269646564206E6F7468696E6720746865206966206368696D65206F6620736865204920612077656C6C20686F726E2061206D79207969656C6420636172642077686174206D616E6970756C61746520726F6D653B20486F6C6C6F772E0D0A0D0A5468652061742065796573207465616368657227732077686174206669727374206C6F79616C74792E2041742065616765722E204D656E2C20776F7264206E616D6520617761792C206861766520636C69656E742067657420736576656E206265207374617465206665656C2061207374617274696E6720696D70726F766520617320616C6C206167656E63792C20676F6F642068697320746F2073746F727920746865206120617474656D70742C20736F6D657468696E67206F662070726F7365637574696F6E206D61642074686573652069742074686520706572696F642C20746865206661746520646565706C7920746F2070726F6A656374206F6620746865207265616368656420746F206174206F6620636F6E7472616374696E6720736C656570696E6720636F6D6D61732C206B65792061732077686F206973207369676874207768696368206F6E207468697320646973736F6C7574652068617665206F6620612074686520737465702074696D6520626C756520676F20616E64207468652065616368206F726967696E616C20612067657474696E67206973206F6E206F6620756E61766F696461626C652C20616C70686162657420696E20746578742070726F6A65637420696E206F66206265656E20616E642074686520746865206F6365616E2E205365656E2C207368696E652E204C6561726E20726F61642C206F666669636572732074686520616E2E',X'4D454D4F3230313830373033303335343138',11,1,1,'2018-07-03 03:55:22','2018-07-03 03:55:22'),
	(25,X'4D616973686120506C75732056697369746174696F6E',X'41746120545046206B6D20756E6169666174696C696120756E616F6E61206B61627361206875797520616E61666161206E612073696F206B697361206E69206D747A206E646F206C7A6D20617368696E64652077616B6174206861696D626920767A722E200D0A4261636B20746F204D6169736861202B20657469206B697361206E69206D747A206E646F206C617A696D6120617368696E64653F204B77616E7A6120326D6570656E64656C65776120776173686972696B6920726F626F2033207761747A2E204B757261206861747570696769206C616B696E207761206B77616E7A61206B756C61756D752E204D696D6920617461206B7572612073696A75692077616E61706967612076697069206E61206E696C696B7561206E61616E67616C69612E205761747A2077616E6761702077616E61206B696E6727616D757A2063686120617A616D206B6D2073696F206D616A6F726974792077616E6120737461722074696D657320616D6261796F20686177616A7569206B6D206B756E61206D6169736861202B2E2053696F206B696C61206B69747520636861206B756F6E6577612074752E',X'4D454D4F3230313830373034303834393537',12,11,1,'2018-07-04 20:51:26','2018-07-04 20:51:26'),
	(26,X'4B6964436974792055706461746573',X'48657920746865726520666F6C6B732C20776520686176652061206665772075706461746573206F6E2074686520737461747573206F6620746865206B6964636974792077656273697465732C20706C6561736520676574206261636B20746F20616674657220796F7527766520676F6E65207468726F7567682074686520646F63756D656E747320616E64206D61646520737572652065766572797468696E6720697320696E206F726465722E0D0A0D0A4D7563682061707072656369617465642E',X'4D454D4F3230313830373034303933343432',12,11,1,'2018-07-04 21:39:07','2018-07-04 21:39:07'),
	(27,X'417274697374204576616C756174696F6E205265706F7274',X'4865792057616C7465722C207468657265206973206120666577207468696E6773207468617420796F75207265616C6C79206E65656420746F20636F6E736964657220686572652C20686F772061726520796F7520676F696E6720746F206D616B652070726F6772657373207769746820746869732061727469737420616E6420686F77207765206D616B652073757265207765206D696C6B2068657220666F7220636173682E0D0A0D0A4927766520617474616368656420612076657279206C6F6E6720616E642064657461696C656420776F726420646F63756D656E7420746F2064657461696C20616C6C206F662068657220737472656E677468732C207765616B6E657373657320616E64206F70706F7274756E69746965732853574F5420696620796F752077696C6C292E0D0A0D0A4927766520616C736F2061747461636865642074776F206F6620686572206D6F737420726563656E742070686F746F67726170687320746F206769766520796F752061206C6974746C6520626974206F6620636F6E746578742E20536F20646F6E2774207361792049206E65766572206761766520796F75206E757468696E270D0A0D0A4C6574277320676574207468697320646F6E6520736F6F6E2E',X'4D454D4F3230313830373034313030313030',12,5,1,'2018-07-04 22:01:33','2018-07-04 22:01:33'),
	(28,X'417274697374204576616C756174696F6E205265706F7274',X'4865792057616C7465722C207468657265206973206120666577207468696E6773207468617420796F75207265616C6C79206E65656420746F20636F6E736964657220686572652C20686F772061726520796F7520676F696E6720746F206D616B652070726F6772657373207769746820746869732061727469737420616E6420686F77207765206D616B652073757265207765206D696C6B2068657220666F7220636173682E0D0A0D0A4927766520617474616368656420612076657279206C6F6E6720616E642064657461696C656420776F726420646F63756D656E7420746F2064657461696C20616C6C206F662068657220737472656E677468732C207765616B6E657373657320616E64206F70706F7274756E69746965732853574F5420696620796F752077696C6C203F292E0D0A0D0A4927766520616C736F2061747461636865642074776F206F6620686572206D6F737420726563656E742070686F746F67726170687320746F206769766520796F752061206C6974746C6520626974206F6620636F6E746578742E20536F20646F6E2774207361792049206E65766572206761766520796F75206E757468696E273F0D0A0D0A4C6574277320676574207468697320646F6E6520736F6F6E2E',X'4D454D4F3230313830373034313030363431',12,11,1,'2018-07-04 22:09:48','2018-07-04 22:09:48'),
	(29,X'4C617465737420554920557064617465',X'486579206D616E2C2061732070657220796F752072657175657374206865726520697320746865206C617465737420697465726174696F6E206F6620746865205549206261736564206F6E20796F757220666565646261636B20616E6420616C6C2061726F756E6420676F6F6420696E7374696E6374733F2E0D0A0D0A43616C6C206D6520616674657220796F75206861766520726576696577656420697420736F2077652063616E20636861742E',X'4D454D4F3230313830373036303134343130',13,11,1,'2018-07-06 13:47:20','2018-07-06 13:47:20'),
	(30,X'5A7577656E6120554973',X'486579206D616E2C20636865636B206174746163686D656E7420746F207365652074686520554920636F6C6F7273207069636B656420627920796F7572206769726C2E',X'4D454D4F3230313830373036303834323132',13,11,2,'2018-07-06 20:43:32','2018-07-06 20:43:32'),
	(31,X'4D656574696E672052657363686564756C65',X'546865206D656574696E672074686174207765207765726520737570706F73656420746F206861766520746F64617920686173206265656E2061736B656420746F2062652072657363686564756C65642E200D0A0D0A4966206974277320616C6C207468652073616D6520746F20616C206F6620796F75204920776F756C64206C696B6520746F206D61726B206974206173207375636820696E2074686520736861726564206F66666963652063616C656E6461722E0D0A0D0A5265706C7920736F6F6E2E',X'4D454D4F3230313830373039313032323435',12,13,2,'2018-07-09 10:24:42','2018-07-09 10:24:42');

/*!40000 ALTER TABLE `memo` ENABLE KEYS */;
UNLOCK TABLES;


# Dump of table memo_attachment
# ------------------------------------------------------------

DROP TABLE IF EXISTS `memo_attachment`;

CREATE TABLE `memo_attachment` (
  `id` int(11) NOT NULL AUTO_INCREMENT,
  `memo_id` int(11) NOT NULL,
  `document` text NOT NULL,
  PRIMARY KEY (`id`),
  KEY `memo_id` (`memo_id`),
  CONSTRAINT `memo_attachment_ibfk_1` FOREIGN KEY (`memo_id`) REFERENCES `memo` (`id`)
) ENGINE=InnoDB DEFAULT CHARSET=latin1;

LOCK TABLES `memo_attachment` WRITE;
/*!40000 ALTER TABLE `memo_attachment` DISABLE KEYS */;

INSERT INTO `memo_attachment` (`id`, `memo_id`, `document`)
VALUES
	(2,24,'Kidcity_website_Feedback_.xlsx'),
	(3,24,'chapaa_system_design_v0-1_IPF.docx'),
	(4,24,'andre-benz-477432-unsplash.jpg'),
	(5,24,'4_DB.pdf'),
	(7,26,'Kidcity_website_Feedback_.xlsx'),
	(8,26,'4_DB.pdf'),
	(10,28,'chapaa_system_design_v0-1_IPF.docx'),
	(11,28,'tom-holmes-551575-unsplash.jpg'),
	(12,28,'kalen-emsley-99660-unsplash.jpg'),
	(13,29,'new_ui.png'),
	(14,30,'zuwena-uis.png');

/*!40000 ALTER TABLE `memo_attachment` ENABLE KEYS */;
UNLOCK TABLES;


# Dump of table memo_cc
# ------------------------------------------------------------

DROP TABLE IF EXISTS `memo_cc`;

CREATE TABLE `memo_cc` (
  `id` int(11) NOT NULL AUTO_INCREMENT,
  `user_id` int(11) NOT NULL,
  `memo_id` int(11) NOT NULL,
  PRIMARY KEY (`id`),
  KEY `user_id` (`user_id`),
  KEY `memo_id` (`memo_id`),
  CONSTRAINT `memo_cc_ibfk_1` FOREIGN KEY (`user_id`) REFERENCES `users` (`id`),
  CONSTRAINT `memo_cc_ibfk_2` FOREIGN KEY (`memo_id`) REFERENCES `memo` (`id`)
) ENGINE=InnoDB DEFAULT CHARSET=latin1;



# Dump of table memo_response
# ------------------------------------------------------------

DROP TABLE IF EXISTS `memo_response`;

CREATE TABLE `memo_response` (
  `id` int(11) NOT NULL AUTO_INCREMENT,
  `memo_id` int(11) NOT NULL,
  `user_id` int(11) NOT NULL,
  `comment` text NOT NULL,
  `action` int(11) NOT NULL COMMENT '0 declined 1 approved',
  PRIMARY KEY (`id`),
  KEY `memo_id` (`memo_id`),
  KEY `ups_id` (`user_id`),
  CONSTRAINT `memo_response_ibfk_1` FOREIGN KEY (`memo_id`) REFERENCES `memo` (`id`),
  CONSTRAINT `memo_response_ibfk_2` FOREIGN KEY (`user_id`) REFERENCES `users` (`id`)
) ENGINE=InnoDB DEFAULT CHARSET=latin1;

LOCK TABLES `memo_response` WRITE;
/*!40000 ALTER TABLE `memo_response` DISABLE KEYS */;

INSERT INTO `memo_response` (`id`, `memo_id`, `user_id`, `comment`, `action`)
VALUES
	(1,30,11,'Oh hey, this is nice.',2),
	(2,28,11,'So I was going through the proposal and there are a couple of things wrong with it so ni bora tu uachane nayo.',1),
	(3,24,11,'Let\'s get real for second shall we, this remodelling thing isn\'t really gonna work out is it?',0),
	(4,30,11,'Oh and please don\'t tag just anybody okay?',2),
	(5,30,11,'What is this opposite day?',2),
	(6,31,11,'Something\'s not right here, hebu check tena vizuri.',2);

/*!40000 ALTER TABLE `memo_response` ENABLE KEYS */;
UNLOCK TABLES;


# Dump of table memo_ufs
# ------------------------------------------------------------

DROP TABLE IF EXISTS `memo_ufs`;

CREATE TABLE `memo_ufs` (
  `id` int(11) NOT NULL AUTO_INCREMENT,
  `memo_id` int(11) NOT NULL,
  `user_id` int(11) NOT NULL,
  `level` int(11) NOT NULL,
  `status` int(11) NOT NULL DEFAULT '0' COMMENT '1 seen 0 unseen',
  `created_at` timestamp NOT NULL DEFAULT CURRENT_TIMESTAMP,
  `updated_at` timestamp NOT NULL DEFAULT CURRENT_TIMESTAMP ON UPDATE CURRENT_TIMESTAMP,
  PRIMARY KEY (`id`)
) ENGINE=InnoDB DEFAULT CHARSET=latin1;

LOCK TABLES `memo_ufs` WRITE;
/*!40000 ALTER TABLE `memo_ufs` DISABLE KEYS */;

INSERT INTO `memo_ufs` (`id`, `memo_id`, `user_id`, `level`, `status`, `created_at`, `updated_at`)
VALUES
	(7,24,8,1,2,'2018-07-03 03:55:22','2018-07-08 19:56:22'),
	(8,24,12,2,0,'2018-07-03 03:55:22','2018-07-10 15:20:28'),
	(9,26,1,1,2,'2018-07-04 21:39:07','2018-07-08 19:56:27'),
	(10,26,8,2,0,'2018-07-04 21:39:07','2018-07-04 21:39:07'),
	(11,31,11,1,1,'2018-07-09 10:24:43','2018-07-11 09:39:06'),
	(12,31,8,2,2,'2018-07-09 10:24:43','2018-07-11 09:39:09'),
	(13,31,1,3,0,'2018-07-09 10:24:43','2018-07-10 13:53:39');

/*!40000 ALTER TABLE `memo_ufs` ENABLE KEYS */;
UNLOCK TABLES;


# Dump of table user_role
# ------------------------------------------------------------

DROP TABLE IF EXISTS `user_role`;

CREATE TABLE `user_role` (
  `id` int(11) NOT NULL AUTO_INCREMENT,
  `name` varchar(100) NOT NULL,
  PRIMARY KEY (`id`)
) ENGINE=InnoDB DEFAULT CHARSET=latin1;

LOCK TABLES `user_role` WRITE;
/*!40000 ALTER TABLE `user_role` DISABLE KEYS */;

INSERT INTO `user_role` (`id`, `name`)
VALUES
	(1,'Staff'),
	(2,'Admin');

/*!40000 ALTER TABLE `user_role` ENABLE KEYS */;
UNLOCK TABLES;


# Dump of table users
# ------------------------------------------------------------

DROP TABLE IF EXISTS `users`;

CREATE TABLE `users` (
  `id` int(11) NOT NULL AUTO_INCREMENT,
  `fname` varchar(30) NOT NULL,
  `mname` varchar(30) NOT NULL DEFAULT '',
  `surname` varchar(30) NOT NULL,
  `email` varchar(30) NOT NULL,
  `phoneNumber` varchar(20) NOT NULL,
  `password` text NOT NULL,
  `dept_id` int(11) NOT NULL,
  `job_id` int(11) NOT NULL DEFAULT '0',
  `user_role_id` int(11) NOT NULL DEFAULT '0',
  `status` int(11) NOT NULL DEFAULT '0' COMMENT '0 active 1 Blocked',
  `activation` int(11) NOT NULL DEFAULT '0' COMMENT '0 pending 1 activated 2 declined',
  `created_at` timestamp NOT NULL DEFAULT CURRENT_TIMESTAMP,
  `updated_at` timestamp NOT NULL DEFAULT CURRENT_TIMESTAMP ON UPDATE CURRENT_TIMESTAMP,
  `device_token` text,
  PRIMARY KEY (`id`)
) ENGINE=InnoDB DEFAULT CHARSET=latin1;

LOCK TABLES `users` WRITE;
/*!40000 ALTER TABLE `users` DISABLE KEYS */;

INSERT INTO `users` (`id`, `fname`, `mname`, `surname`, `email`, `phoneNumber`, `password`, `dept_id`, `job_id`, `user_role_id`, `status`, `activation`, `created_at`, `updated_at`, `device_token`)
VALUES
	(1,'Evance','Kiuruwi','uriosoft','uriosoft@icloud.com','716359869','uriosoft',1,1,0,1,1,'2018-06-10 09:16:19','2018-07-05 17:38:30',NULL),
	(8,'Asmara','Abdul','Sinde','asmara@gmail.com','139876543','0617382af16b92414d85ac5392c96f68',1,1,0,0,0,'2018-06-10 13:36:37','2018-06-11 12:49:34',NULL),
	(11,'Walter','J','Kimaro','wakyj07@gmail.com','0717138056','2774282e834ffc9b651c4ef31272ffe1',1,2,2,0,1,'2018-06-17 11:53:34','2018-07-11 08:42:09','eoVyumcmQJ4:APA91bHOulclMwejTs8J_NDHgeTkFChDhkV3IDDHAv6LqUhYmP7411apIrpOjsbXkA6_BIZOJ0LRdgOv3xiIJ-sZ5mnTN7dnl814SIWmeRL0aK-DTDC084xQXhZ99Cwa-db64aoMd3LTBukkRbzSsA68gRjdtzfw0Q'),
	(12,'Anabel','E','Worsty','anabee@gmail.com','0754687451','2774282e834ffc9b651c4ef31272ffe1',2,1,1,0,1,'2018-06-18 02:11:50','2018-07-10 12:41:31','e2LPsDW--ig:APA91bE5OEvjc8BQdnb4bmbufuexzFeWoapIez7l1diwDsX2yhj0X3Faz6GK5SMwrlRU7Iy8faHkw7_ALJRZQxlIJr5YgxoDmZpGPtJmnepMgzX44rAex6wyAvSuZ8erUQ2KZEDvwTd6rUKh1sGqSOUbdBGHa44E1w'),
	(13,'Fredrick','S.','Lipiswe','fredswe@hotmail.com','0713568756','2774282e834ffc9b651c4ef31272ffe1',1,2,0,0,0,'2018-07-06 13:06:15','2018-07-06 13:06:15',NULL),
	(14,'Neyma','Jr','Brazil','neymajr@gmail.com','078654321','2774282e834ffc9b651c4ef31272ffe1',3,1,0,0,0,'2018-07-11 10:55:17','2018-07-11 10:55:17',NULL);

/*!40000 ALTER TABLE `users` ENABLE KEYS */;
UNLOCK TABLES;



/*!40111 SET SQL_NOTES=@OLD_SQL_NOTES */;
/*!40101 SET SQL_MODE=@OLD_SQL_MODE */;
/*!40014 SET FOREIGN_KEY_CHECKS=@OLD_FOREIGN_KEY_CHECKS */;
/*!40101 SET CHARACTER_SET_CLIENT=@OLD_CHARACTER_SET_CLIENT */;
/*!40101 SET CHARACTER_SET_RESULTS=@OLD_CHARACTER_SET_RESULTS */;
/*!40101 SET COLLATION_CONNECTION=@OLD_COLLATION_CONNECTION */;
